職種,経験年数,勤務先の施設種別,役職・購入の決裁(購入の決定権),【負担度】負担が大きいものは？ [勤務表・シフト作成],【解決意欲】お金を払ってでも楽にしたいものは？ [勤務表・シフト作成],【負担度】負担が大きいものは？ [申し送り・引き継ぎ],【解決意欲】お金を払ってでも楽にしたいものは？ [申し送り・引き継ぎ],【負担度】負担が大きいものは？ [記録・書類作成],【解決意欲】お金を払ってでも楽にしたいものは？ [記録・書類作成],【負担度】負担が大きいものは？ [物品・在庫管理],【解決意欲】お金を払ってでも楽にしたいものは？ [物品・在庫管理],【負担度】負担が大きいものは？ [当番・担当の割り振り],【解決意欲】お金を払ってでも楽にしたいものは？ [当番・担当の割り振り],【負担度】負担が大きいものは？ [院内連絡・会議の調整],【解決意欲】お金を払ってでも楽にしたいものは？ [院内連絡・会議の調整],【負担度】負担が大きいものは？ [研修・勉強会の運営管理],【解決意欲】お金を払ってでも楽にしたいものは？ [研修・勉強会の運営管理],【負担度】負担が大きいものは？ [患者・家族への説明資料づくり],【解決意欲】お金を払ってでも楽にしたいものは？ [患者・家族への説明資料づくり],【負担度】負担が大きいものは？ [機器の点検・保守記録],【解決意欲】お金を払ってでも楽にしたいものは？ [機器の点検・保守記録],【負担度】負担が大きいものは？ [請求・算定の確認],【解決意欲】お金を払ってでも楽にしたいものは？ [請求・算定の確認],現場で困っていること(雑務・無駄な作業),あったらいいソフト・道具,月額いくらから安すぎて品質が不安ですか(円),月額いくらなら安いと感じますか(円),月額いくらから高いと感じ始めますか(円),月額いくらから高すぎて買わないですか(円),購入意向: 雑務を解決するソフトがあれば購入したいですか,支払う人: 費用は誰が負担しますか,希望する形(提供形態)
臨床検査技師,11〜20年,介護・福祉施設,自分で購入を決められる,4,4,2,2,3,3,2,2,1,1,2,2,2,1,1,1,2,1,3,3,紙の台帳を探す時間が無駄,,300.0,600.0,1300.0,2900.0,無料なら使う,自分(個人),"ブラウザ(Web), スマホアプリ"
臨床検査技師,11〜20年,介護・福祉施設,自分で購入を決められる,2,2,3,1,3,2,1,1,2,1,2,2,3,3,2,2,2,2,1,1,,,400.0,800.0,2100.0,3700.0,無料なら使う,自分(個人),"スマホアプリ, ブラウザ(Web)"
薬剤師,21年以上,介護・福祉施設,決定には関われない,5,4,3,3,4,4,2,1,3,2,3,3,1,1,4,4,2,1,3,3,紙の台帳を探す時間が無駄,勤務表の自動作成,800.0,1800.0,4200.0,6500.0,無料なら使う,施設・部署,"パソコンのソフト, ブラウザ(Web)"
診療放射線技師,11〜20年,介護・福祉施設,施設の予算で決まる,5,5,3,1,5,4,2,2,3,3,3,2,2,2,2,2,4,2,1,1,,在庫のバーコード管理,500.0,1000.0,2100.0,3700.0,無料なら使う,分からない,"スマホアプリ, Excelテンプレート"
理学療法士・作業療法士・言語聴覚士,11〜20年,介護・福祉施設,上長の承認が必要,3,2,2,1,5,4,2,2,2,1,3,3,1,1,2,1,2,1,4,2,申し送りが口頭で抜け漏れる,申し送りの共有アプリ,300.0,600.0,1300.0,2100.0,条件次第で購入したい,分からない,"パソコンのソフト, ブラウザ(Web)"
理学療法士・作業療法士・言語聴覚士,21年以上,介護・福祉施設,施設の予算で決まる,4,3,3,1,4,3,2,2,4,4,3,2,5,5,2,1,3,1,3,2,記録の二重入力がつらい,勤務表の自動作成,1400.0,2500.0,5600.0,10700.0,条件次第で購入したい,分からない,"スマホアプリ, ブラウザ(Web)"
理学療法士・作業療法士・言語聴覚士,1年未満,クリニック,施設の予算で決まる,3,2,2,3,3,2,3,2,3,2,3,1,2,1,2,1,3,3,2,1,勤務表づくりに毎月3時間かかる,勤務表の自動作成,600.0,1400.0,2800.0,5700.0,購入しない,分からない,"スマホアプリ, ブラウザ(Web)"
医療事務,21年以上,介護・福祉施設,自分で購入を決められる,4,2,4,3,4,2,5,4,2,2,3,3,3,2,3,2,4,3,2,1,勤務表づくりに毎月3時間かかる,勤務表の自動作成,900.0,1400.0,2900.0,6600.0,無料なら使う,施設・部署,"Excelテンプレート, パソコンのソフト"
診療放射線技師,4〜10年,中小病院,決定には関われない,3,3,1,3,3,2,3,2,1,1,3,2,2,2,2,2,3,2,1,1,,,1600.0,2500.0,5600.0,10000.0,無料なら使う,施設・部署,"スマホアプリ, ブラウザ(Web)"
臨床検査技師,4〜10年,中小病院,上長の承認が必要,3,3,3,4,3,3,3,2,4,3,2,1,2,1,2,1,4,3,2,1,,勤務表の自動作成,800.0,1700.0,3100.0,5400.0,無料なら使う,施設・部署,"Excelテンプレート, パソコンのソフト"
理学療法士・作業療法士・言語聴覚士,1〜3年,介護・福祉施設,自分で購入を決められる,4,5,1,1,3,3,1,1,3,3,3,2,2,2,3,1,3,3,3,2,勤務表づくりに毎月3時間かかる,,600.0,1100.0,2000.0,3800.0,条件次第で購入したい,施設・部署,"スマホアプリ, ブラウザ(Web)"
看護師,11〜20年,大学病院・大病院,上長の承認が必要,5,3,3,4,3,1,3,3,2,2,3,4,3,3,2,1,3,3,3,2,記録の二重入力がつらい,勤務表の自動作成,1200.0,2400.0,6300.0,10900.0,無料なら使う,自分(個人),"ブラウザ(Web), パソコンのソフト"
看護師,21年以上,中小病院,上長の承認が必要,5,3,3,3,4,4,1,1,3,1,2,1,3,3,2,2,2,1,2,1,紙の台帳を探す時間が無駄,勤務表の自動作成,1000.0,2000.0,4800.0,7900.0,無料なら使う,分からない,"Excelテンプレート, パソコンのソフト"
診療放射線技師,1年未満,中小病院,上長の承認が必要,4,2,2,1,3,3,4,4,3,2,3,3,5,5,3,2,2,1,3,3,勤務表づくりに毎月3時間かかる,勤務表の自動作成,1000.0,2000.0,4200.0,7100.0,無料なら使う,分からない,"スマホアプリ, ブラウザ(Web)"
薬剤師,1〜3年,介護・福祉施設,決定には関われない,4,3,3,1,4,4,3,3,3,2,2,2,4,4,5,4,4,5,3,2,紙の台帳を探す時間が無駄,,1000.0,2000.0,4000.0,6000.0,条件次第で購入したい,施設・部署,"パソコンのソフト, Excelテンプレート"
看護師,1〜3年,クリニック,上長の承認が必要,2,1,4,3,4,4,2,1,1,2,1,1,2,2,2,2,1,1,2,1,紙の台帳を探す時間が無駄,勤務表の自動作成,2900.0,4900.0,11200.0,23200.0,購入しない,分からない,"Excelテンプレート, パソコンのソフト"
理学療法士・作業療法士・言語聴覚士,11〜20年,介護・福祉施設,決定には関われない,4,5,4,4,3,3,1,1,2,2,2,1,2,2,1,1,1,1,3,4,勤務表づくりに毎月3時間かかる,,900.0,2000.0,4300.0,7300.0,条件次第で購入したい,施設・部署,"Excelテンプレート, スマホアプリ"
臨床検査技師,1〜3年,中小病院,上長の承認が必要,5,5,2,2,5,5,4,3,1,1,2,1,3,3,3,3,3,2,4,3,,,500.0,900.0,1900.0,4100.0,購入しない,自分(個人),"Excelテンプレート, パソコンのソフト"
診療放射線技師,1〜3年,大学病院・大病院,施設の予算で決まる,2,2,4,4,3,4,2,1,1,1,4,2,2,1,2,2,2,2,2,2,勤務表づくりに毎月3時間かかる,勤務表の自動作成,1300.0,2500.0,5700.0,10500.0,条件次第で購入したい,施設・部署,"パソコンのソフト, ブラウザ(Web)"
理学療法士・作業療法士・言語聴覚士,4〜10年,中小病院,上長の承認が必要,4,3,3,2,4,4,3,3,2,2,2,1,1,1,2,2,3,2,1,1,,在庫のバーコード管理,600.0,1200.0,3200.0,4700.0,条件次第で購入したい,施設・部署,"スマホアプリ, ブラウザ(Web)"
診療放射線技師,21年以上,中小病院,上長の承認が必要,5,5,4,1,5,4,2,2,4,3,4,3,4,3,4,2,5,5,5,4,記録の二重入力がつらい,申し送りの共有アプリ,1500.0,3000.0,5000.0,9300.0,無料なら使う,自分(個人),"パソコンのソフト, ブラウザ(Web)"
理学療法士・作業療法士・言語聴覚士,1年未満,介護・福祉施設,上長の承認が必要,3,1,1,1,4,3,2,1,4,2,4,5,3,2,2,1,3,2,3,3,記録の二重入力がつらい,在庫のバーコード管理,700.0,1400.0,2700.0,5300.0,ぜひ購入したい,施設・部署,"ブラウザ(Web), Excelテンプレート"
臨床検査技師,11〜20年,大学病院・大病院,施設の予算で決まる,4,3,2,2,4,2,3,1,2,1,2,1,3,3,4,4,1,1,2,2,申し送りが口頭で抜け漏れる,勤務表の自動作成,1200.0,2300.0,3900.0,8700.0,条件次第で購入したい,分からない,"Excelテンプレート, ブラウザ(Web)"
看護師,1年未満,中小病院,決定には関われない,4,5,3,1,5,5,2,1,3,1,3,1,3,1,3,4,3,3,2,1,記録の二重入力がつらい,,1200.0,2900.0,6400.0,12000.0,無料なら使う,自分(個人),"ブラウザ(Web), パソコンのソフト"
医療事務,1年未満,中小病院,自分で購入を決められる,2,3,2,1,3,1,1,1,2,1,1,1,4,2,2,1,2,1,2,1,申し送りが口頭で抜け漏れる,,700.0,1300.0,3000.0,4500.0,ぜひ購入したい,自分(個人),"ブラウザ(Web), スマホアプリ"
看護師,1年未満,大学病院・大病院,上長の承認が必要,3,3,4,4,2,2,2,1,3,1,4,3,3,3,4,4,1,1,1,1,申し送りが口頭で抜け漏れる,勤務表の自動作成,1500.0,2600.0,5000.0,10900.0,条件次第で購入したい,施設・部署,"スマホアプリ, ブラウザ(Web)"
医療事務,21年以上,中小病院,上長の承認が必要,3,3,4,4,3,4,3,4,4,2,2,1,3,2,3,2,3,4,1,1,紙の台帳を探す時間が無駄,勤務表の自動作成,800.0,1500.0,4000.0,5500.0,条件次第で購入したい,分からない,"ブラウザ(Web), Excelテンプレート"
理学療法士・作業療法士・言語聴覚士,21年以上,介護・福祉施設,上長の承認が必要,4,1,4,2,3,3,2,2,4,2,3,1,3,3,1,2,2,1,3,3,勤務表づくりに毎月3時間かかる,,800.0,1900.0,3300.0,6400.0,無料なら使う,施設・部署,"パソコンのソフト, ブラウザ(Web)"
看護師,21年以上,中小病院,決定には関われない,3,2,3,2,3,2,1,1,3,3,1,1,3,1,3,3,3,3,4,4,勤務表づくりに毎月3時間かかる,申し送りの共有アプリ,400.0,700.0,1300.0,2000.0,無料なら使う,自分(個人),"パソコンのソフト, Excelテンプレート"
臨床検査技師,21年以上,介護・福祉施設,自分で購入を決められる,4,4,2,1,3,2,3,1,3,1,2,2,4,4,3,4,2,1,2,2,申し送りが口頭で抜け漏れる,申し送りの共有アプリ,1500.0,3200.0,6000.0,12000.0,条件次第で購入したい,施設・部署,"スマホアプリ, パソコンのソフト"
看護師,11〜20年,中小病院,上長の承認が必要,1,1,3,3,4,4,2,2,1,1,4,2,2,2,2,2,1,1,1,1,紙の台帳を探す時間が無駄,,800.0,1400.0,3600.0,5300.0,購入しない,施設・部署,"スマホアプリ, Excelテンプレート"
診療放射線技師,1〜3年,大学病院・大病院,施設の予算で決まる,5,4,3,4,4,4,4,5,2,1,3,2,1,1,1,1,3,3,2,2,記録の二重入力がつらい,勤務表の自動作成,500.0,1000.0,2100.0,3000.0,条件次第で購入したい,自分(個人),"パソコンのソフト, スマホアプリ"
理学療法士・作業療法士・言語聴覚士,4〜10年,クリニック,施設の予算で決まる,3,3,5,5,5,5,3,2,4,3,3,1,3,3,2,1,4,4,3,1,,,800.0,1700.0,3800.0,6500.0,無料なら使う,施設・部署,"Excelテンプレート, パソコンのソフト"
医療事務,1〜3年,介護・福祉施設,決定には関われない,4,3,4,3,3,2,3,2,4,3,4,3,2,2,4,4,2,3,2,1,記録の二重入力がつらい,,900.0,1900.0,3800.0,7100.0,ぜひ購入したい,施設・部署,"パソコンのソフト, スマホアプリ"
看護師,21年以上,大学病院・大病院,上長の承認が必要,4,2,3,3,4,4,3,4,2,1,3,2,2,2,3,3,2,2,3,4,紙の台帳を探す時間が無駄,在庫のバーコード管理,1000.0,2000.0,3500.0,6400.0,購入しない,施設・部署,"ブラウザ(Web), パソコンのソフト"
臨床検査技師,21年以上,大学病院・大病院,上長の承認が必要,4,4,4,3,4,4,2,1,3,1,1,1,3,2,2,1,3,5,1,1,勤務表づくりに毎月3時間かかる,勤務表の自動作成,800.0,1500.0,3400.0,7400.0,無料なら使う,自分(個人),"Excelテンプレート, スマホアプリ"
薬剤師,1〜3年,中小病院,上長の承認が必要,3,1,3,3,4,3,3,1,2,2,3,2,3,2,2,1,3,2,2,1,記録の二重入力がつらい,在庫のバーコード管理,1900.0,4500.0,8200.0,14800.0,ぜひ購入したい,分からない,"Excelテンプレート, スマホアプリ"
理学療法士・作業療法士・言語聴覚士,4〜10年,クリニック,決定には関われない,5,3,5,3,3,3,4,2,5,4,3,3,4,3,4,4,4,3,2,1,紙の台帳を探す時間が無駄,在庫のバーコード管理,600.0,1200.0,2800.0,5000.0,ぜひ購入したい,自分(個人),"Excelテンプレート, パソコンのソフト"
診療放射線技師,4〜10年,中小病院,施設の予算で決まる,4,3,3,3,4,3,4,3,4,3,3,2,3,5,2,2,4,4,3,4,,申し送りの共有アプリ,400.0,1000.0,2200.0,3600.0,購入しない,分からない,"ブラウザ(Web), パソコンのソフト"
診療放射線技師,4〜10年,中小病院,上長の承認が必要,2,2,5,5,5,4,3,3,3,3,3,4,2,1,2,2,4,5,4,2,申し送りが口頭で抜け漏れる,申し送りの共有アプリ,1200.0,2400.0,5300.0,8800.0,無料なら使う,自分(個人),"パソコンのソフト, Excelテンプレート"
看護師,4〜10年,クリニック,自分で購入を決められる,4,4,3,4,2,1,2,1,2,3,4,3,4,4,2,2,2,2,1,1,申し送りが口頭で抜け漏れる,,1300.0,2600.0,5800.0,9500.0,無料なら使う,自分(個人),"Excelテンプレート, パソコンのソフト"
看護師,1〜3年,大学病院・大病院,上長の承認が必要,5,4,4,4,5,4,3,3,5,2,4,3,4,4,4,2,3,1,5,4,記録の二重入力がつらい,申し送りの共有アプリ,800.0,1300.0,3400.0,5600.0,条件次第で購入したい,分からない,"ブラウザ(Web), スマホアプリ"
薬剤師,1〜3年,大学病院・大病院,決定には関われない,3,1,3,4,3,3,3,5,1,1,1,1,3,5,2,1,4,3,2,1,記録の二重入力がつらい,申し送りの共有アプリ,900.0,1400.0,3300.0,6200.0,条件次第で購入したい,施設・部署,"パソコンのソフト, スマホアプリ"
看護師,21年以上,介護・福祉施設,自分で購入を決められる,5,3,2,1,3,3,2,1,1,1,2,1,1,1,4,4,2,1,2,2,勤務表づくりに毎月3時間かかる,在庫のバーコード管理,700.0,1500.0,3300.0,4600.0,ぜひ購入したい,施設・部署,"ブラウザ(Web), Excelテンプレート"
診療放射線技師,1年未満,クリニック,決定には関われない,3,3,2,2,1,1,3,2,2,3,1,1,1,1,1,1,2,1,1,1,記録の二重入力がつらい,勤務表の自動作成,700.0,1300.0,3600.0,6500.0,ぜひ購入したい,施設・部署,"パソコンのソフト, Excelテンプレート"
薬剤師,4〜10年,中小病院,決定には関われない,3,3,2,2,4,5,4,5,3,1,2,2,4,4,3,2,3,3,2,2,申し送りが口頭で抜け漏れる,勤務表の自動作成,800.0,1500.0,2900.0,5800.0,条件次第で購入したい,施設・部署,"ブラウザ(Web), パソコンのソフト"
診療放射線技師,21年以上,クリニック,施設の予算で決まる,2,1,3,1,3,4,3,2,3,2,4,3,2,3,1,2,1,1,2,1,,勤務表の自動作成,900.0,1800.0,3800.0,6600.0,条件次第で購入したい,分からない,"スマホアプリ, ブラウザ(Web)"
薬剤師,1年未満,大学病院・大病院,決定には関われない,2,1,5,5,2,1,1,1,2,1,3,4,2,1,3,1,1,1,2,2,勤務表づくりに毎月3時間かかる,,1000.0,2300.0,4300.0,7800.0,ぜひ購入したい,施設・部署,"パソコンのソフト, ブラウザ(Web)"
看護師,4〜10年,介護・福祉施設,上長の承認が必要,5,5,2,1,4,3,2,1,2,1,2,1,2,2,2,1,2,2,1,1,,勤務表の自動作成,600.0,1000.0,2600.0,3500.0,購入しない,分からない,"ブラウザ(Web), スマホアプリ"
理学療法士・作業療法士・言語聴覚士,1〜3年,大学病院・大病院,施設の予算で決まる,5,3,5,4,4,3,3,3,2,1,3,1,2,1,3,4,2,2,3,4,申し送りが口頭で抜け漏れる,在庫のバーコード管理,1000.0,2100.0,4000.0,7300.0,条件次第で購入したい,自分(個人),"Excelテンプレート, パソコンのソフト"
臨床検査技師,11〜20年,大学病院・大病院,施設の予算で決まる,3,2,3,3,4,3,1,1,2,3,2,2,4,4,2,1,1,1,3,3,紙の台帳を探す時間が無駄,勤務表の自動作成,1100.0,2500.0,5400.0,7900.0,無料なら使う,施設・部署,"Excelテンプレート, スマホアプリ"
診療放射線技師,1年未満,介護・福祉施設,施設の予算で決まる,4,2,2,1,4,2,1,1,2,3,5,4,4,5,4,3,2,1,1,1,申し送りが口頭で抜け漏れる,,300.0,600.0,1300.0,2900.0,無料なら使う,施設・部署,"パソコンのソフト, Excelテンプレート"
理学療法士・作業療法士・言語聴覚士,21年以上,クリニック,自分で購入を決められる,5,3,4,4,4,4,5,4,3,2,2,2,3,3,3,2,5,4,3,2,記録の二重入力がつらい,申し送りの共有アプリ,600.0,1000.0,2600.0,4100.0,購入しない,自分(個人),"スマホアプリ, Excelテンプレート"
薬剤師,21年以上,クリニック,上長の承認が必要,4,5,4,2,3,3,2,2,3,4,3,4,4,3,3,4,3,2,4,5,申し送りが口頭で抜け漏れる,勤務表の自動作成,1700.0,3100.0,8100.0,14400.0,無料なら使う,自分(個人),"Excelテンプレート, ブラウザ(Web)"
臨床検査技師,21年以上,大学病院・大病院,上長の承認が必要,3,1,3,3,4,3,2,1,3,2,2,1,2,1,2,2,2,2,4,5,申し送りが口頭で抜け漏れる,申し送りの共有アプリ,1300.0,2900.0,6300.0,9400.0,無料なら使う,自分(個人),"Excelテンプレート, ブラウザ(Web)"
薬剤師,1〜3年,中小病院,自分で購入を決められる,4,5,4,2,4,3,3,3,2,1,4,3,3,2,3,1,3,2,3,1,紙の台帳を探す時間が無駄,勤務表の自動作成,1000.0,2000.0,4400.0,7200.0,ぜひ購入したい,施設・部署,"Excelテンプレート, ブラウザ(Web)"
臨床検査技師,21年以上,クリニック,上長の承認が必要,3,3,5,5,4,4,2,2,2,2,3,2,3,1,3,1,5,5,4,5,紙の台帳を探す時間が無駄,勤務表の自動作成,1100.0,2300.0,5300.0,8200.0,無料なら使う,分からない,"ブラウザ(Web), パソコンのソフト"
診療放射線技師,4〜10年,中小病院,施設の予算で決まる,4,5,2,2,4,2,2,3,3,4,1,1,2,2,2,1,2,1,3,1,勤務表づくりに毎月3時間かかる,,600.0,1200.0,3400.0,5600.0,無料なら使う,分からない,"Excelテンプレート, パソコンのソフト"
看護師,1〜3年,中小病院,施設の予算で決まる,3,3,3,1,5,5,1,1,4,4,2,1,3,2,3,2,3,2,2,4,記録の二重入力がつらい,勤務表の自動作成,1200.0,2800.0,5800.0,9600.0,条件次第で購入したい,自分(個人),"ブラウザ(Web), スマホアプリ"
診療放射線技師,21年以上,中小病院,自分で購入を決められる,5,4,4,3,4,3,5,4,3,2,5,4,5,5,3,1,4,4,4,3,記録の二重入力がつらい,申し送りの共有アプリ,500.0,900.0,2300.0,3600.0,条件次第で購入したい,施設・部署,"Excelテンプレート, スマホアプリ"
薬剤師,1年未満,クリニック,施設の予算で決まる,3,2,2,1,4,4,3,2,3,2,2,2,3,1,1,1,4,2,2,3,,,1700.0,3100.0,7600.0,11800.0,条件次第で購入したい,施設・部署,"スマホアプリ, パソコンのソフト"
看護師,11〜20年,大学病院・大病院,施設の予算で決まる,4,5,4,3,4,4,3,2,3,2,1,2,2,1,2,1,2,1,3,2,,,1500.0,3500.0,7000.0,11500.0,条件次第で購入したい,施設・部署,"スマホアプリ, ブラウザ(Web)"
看護師,11〜20年,中小病院,自分で購入を決められる,5,3,4,3,4,4,3,2,3,1,3,2,2,2,3,2,3,3,4,3,勤務表づくりに毎月3時間かかる,,1600.0,3400.0,7100.0,11200.0,無料なら使う,施設・部署,"スマホアプリ, ブラウザ(Web)"
臨床検査技師,21年以上,大学病院・大病院,施設の予算で決まる,5,4,3,3,4,4,3,3,2,2,1,1,2,1,4,5,3,2,4,2,申し送りが口頭で抜け漏れる,申し送りの共有アプリ,500.0,1100.0,2300.0,3900.0,条件次第で購入したい,自分(個人),"ブラウザ(Web), スマホアプリ"
診療放射線技師,4〜10年,大学病院・大病院,自分で購入を決められる,3,3,1,1,3,1,2,1,1,1,2,1,2,1,2,2,1,1,3,3,勤務表づくりに毎月3時間かかる,,1100.0,2100.0,4600.0,7900.0,購入しない,分からない,"スマホアプリ, パソコンのソフト"
臨床検査技師,11〜20年,介護・福祉施設,上長の承認が必要,4,3,3,3,3,3,2,1,2,1,2,3,3,2,1,1,3,3,2,2,,在庫のバーコード管理,1400.0,2900.0,5500.0,10900.0,無料なら使う,施設・部署,"スマホアプリ, パソコンのソフト"
理学療法士・作業療法士・言語聴覚士,21年以上,クリニック,決定には関われない,3,1,5,5,5,5,2,2,4,3,1,1,3,3,1,1,1,1,4,2,,勤務表の自動作成,800.0,1500.0,3300.0,4500.0,購入しない,施設・部署,"ブラウザ(Web), パソコンのソフト"
医療事務,4〜10年,クリニック,決定には関われない,2,1,4,3,2,1,3,2,3,3,4,4,2,1,2,1,3,2,2,2,申し送りが口頭で抜け漏れる,勤務表の自動作成,1400.0,2800.0,5800.0,9600.0,ぜひ購入したい,施設・部署,"パソコンのソフト, スマホアプリ"
薬剤師,1年未満,介護・福祉施設,施設の予算で決まる,3,2,3,2,4,4,4,5,3,2,2,1,4,1,3,1,3,4,2,1,紙の台帳を探す時間が無駄,在庫のバーコード管理,2000.0,3700.0,8700.0,13700.0,無料なら使う,施設・部署,"スマホアプリ, ブラウザ(Web)"
看護師,1年未満,介護・福祉施設,上長の承認が必要,4,5,4,4,4,4,2,1,1,1,3,2,3,3,3,2,3,2,3,2,申し送りが口頭で抜け漏れる,申し送りの共有アプリ,600.0,1100.0,2500.0,4200.0,条件次第で購入したい,分からない,"パソコンのソフト, ブラウザ(Web)"
理学療法士・作業療法士・言語聴覚士,1年未満,中小病院,自分で購入を決められる,3,3,3,3,4,4,3,2,4,2,3,2,3,2,3,2,3,1,3,3,勤務表づくりに毎月3時間かかる,申し送りの共有アプリ,700.0,1300.0,3000.0,5100.0,無料なら使う,分からない,"ブラウザ(Web), スマホアプリ"
診療放射線技師,21年以上,クリニック,上長の承認が必要,2,1,4,3,4,4,3,3,1,1,3,1,4,3,2,1,3,2,2,1,勤務表づくりに毎月3時間かかる,申し送りの共有アプリ,400.0,800.0,1400.0,3000.0,購入しない,自分(個人),"スマホアプリ, ブラウザ(Web)"
医療事務,1年未満,中小病院,施設の予算で決まる,4,3,4,4,2,1,2,1,4,3,2,1,2,1,2,1,3,2,2,2,記録の二重入力がつらい,勤務表の自動作成,400.0,700.0,1700.0,2600.0,条件次第で購入したい,分からない,"パソコンのソフト, スマホアプリ"
診療放射線技師,1〜3年,大学病院・大病院,上長の承認が必要,3,1,2,2,5,4,3,3,4,3,2,2,3,3,4,3,3,2,3,2,申し送りが口頭で抜け漏れる,,900.0,1400.0,2900.0,6400.0,無料なら使う,自分(個人),"ブラウザ(Web), パソコンのソフト"
臨床検査技師,1年未満,大学病院・大病院,決定には関われない,4,1,2,1,3,4,3,3,2,1,3,3,1,1,2,2,3,4,2,1,勤務表づくりに毎月3時間かかる,申し送りの共有アプリ,1000.0,2200.0,4700.0,6200.0,ぜひ購入したい,自分(個人),"Excelテンプレート, スマホアプリ"
看護師,1〜3年,中小病院,上長の承認が必要,4,3,3,2,4,4,3,3,4,4,4,4,3,2,2,1,1,2,3,2,紙の台帳を探す時間が無駄,,1300.0,2800.0,6700.0,9700.0,ぜひ購入したい,分からない,"パソコンのソフト, Excelテンプレート"
診療放射線技師,4〜10年,大学病院・大病院,決定には関われない,5,4,2,2,5,5,3,1,2,3,2,3,3,3,4,3,2,2,3,1,記録の二重入力がつらい,申し送りの共有アプリ,900.0,1800.0,4900.0,7100.0,条件次第で購入したい,施設・部署,"Excelテンプレート, パソコンのソフト"
臨床検査技師,11〜20年,大学病院・大病院,上長の承認が必要,4,5,4,4,4,4,4,4,3,3,1,1,3,3,2,2,2,1,4,2,,申し送りの共有アプリ,900.0,1700.0,4100.0,7000.0,ぜひ購入したい,施設・部署,"パソコンのソフト, スマホアプリ"
看護師,1〜3年,クリニック,決定には関われない,4,4,3,2,2,1,1,1,2,3,4,3,3,3,1,1,4,4,1,1,申し送りが口頭で抜け漏れる,勤務表の自動作成,700.0,1400.0,3000.0,4400.0,無料なら使う,自分(個人),"Excelテンプレート, スマホアプリ"
診療放射線技師,21年以上,中小病院,施設の予算で決まる,4,3,3,3,4,5,3,2,3,3,2,1,3,2,1,1,3,3,1,1,申し送りが口頭で抜け漏れる,勤務表の自動作成,600.0,1300.0,2700.0,4900.0,ぜひ購入したい,施設・部署,"スマホアプリ, ブラウザ(Web)"
臨床検査技師,11〜20年,中小病院,施設の予算で決まる,5,5,5,4,5,4,4,4,3,4,4,4,3,3,2,2,3,3,3,3,記録の二重入力がつらい,在庫のバーコード管理,800.0,1600.0,3200.0,6200.0,条件次第で購入したい,施設・部署,"Excelテンプレート, パソコンのソフト"
診療放射線技師,4〜10年,介護・福祉施設,施設の予算で決まる,4,2,3,2,4,3,2,1,3,2,3,3,3,3,3,2,3,4,2,1,記録の二重入力がつらい,申し送りの共有アプリ,2600.0,4700.0,9600.0,15800.0,ぜひ購入したい,自分(個人),"Excelテンプレート, ブラウザ(Web)"
看護師,11〜20年,クリニック,決定には関われない,4,4,2,2,3,1,2,2,3,1,4,4,3,2,3,2,4,4,3,2,記録の二重入力がつらい,申し送りの共有アプリ,1300.0,2000.0,4900.0,7800.0,無料なら使う,施設・部署,"ブラウザ(Web), Excelテンプレート"
診療放射線技師,4〜10年,大学病院・大病院,上長の承認が必要,4,4,3,1,2,2,4,3,1,1,3,3,2,1,4,3,3,1,3,2,,勤務表の自動作成,1400.0,3200.0,6600.0,11600.0,購入しない,施設・部署,"パソコンのソフト, スマホアプリ"
看護師,11〜20年,クリニック,自分で購入を決められる,4,2,2,1,3,2,2,1,3,2,3,3,4,3,4,4,3,2,4,4,申し送りが口頭で抜け漏れる,申し送りの共有アプリ,800.0,1900.0,4300.0,5800.0,条件次第で購入したい,分からない,"ブラウザ(Web), パソコンのソフト"
診療放射線技師,1年未満,大学病院・大病院,施設の予算で決まる,5,2,4,4,5,4,3,3,4,4,2,1,3,3,5,4,2,1,3,2,申し送りが口頭で抜け漏れる,申し送りの共有アプリ,600.0,1000.0,2800.0,4500.0,ぜひ購入したい,自分(個人),"スマホアプリ, パソコンのソフト"
看護師,4〜10年,クリニック,自分で購入を決められる,4,3,2,2,2,2,3,2,2,2,1,1,3,2,4,4,2,2,3,3,申し送りが口頭で抜け漏れる,勤務表の自動作成,700.0,1500.0,2800.0,5400.0,購入しない,施設・部署,"スマホアプリ, ブラウザ(Web)"
看護師,21年以上,中小病院,施設の予算で決まる,5,5,4,4,3,3,3,2,3,2,3,2,3,4,4,3,5,5,4,3,記録の二重入力がつらい,勤務表の自動作成,1100.0,2200.0,4600.0,10100.0,購入しない,分からない,"スマホアプリ, パソコンのソフト"
看護師,21年以上,介護・福祉施設,施設の予算で決まる,4,4,3,2,4,3,5,3,3,2,2,2,2,1,5,4,3,2,4,2,紙の台帳を探す時間が無駄,,700.0,1500.0,4000.0,6900.0,無料なら使う,施設・部署,"パソコンのソフト, Excelテンプレート"
理学療法士・作業療法士・言語聴覚士,4〜10年,中小病院,上長の承認が必要,3,2,4,2,4,3,2,1,3,3,1,2,2,2,3,2,3,5,4,3,紙の台帳を探す時間が無駄,,1700.0,3400.0,5900.0,10800.0,購入しない,分からない,"スマホアプリ, パソコンのソフト"
薬剤師,21年以上,クリニック,上長の承認が必要,4,3,2,2,4,4,3,5,3,3,4,4,3,2,2,2,3,3,2,2,紙の台帳を探す時間が無駄,,1100.0,2500.0,4700.0,9800.0,無料なら使う,施設・部署,"ブラウザ(Web), スマホアプリ"
理学療法士・作業療法士・言語聴覚士,21年以上,クリニック,上長の承認が必要,1,1,1,2,2,2,1,1,2,3,2,2,2,2,1,1,1,1,2,1,,勤務表の自動作成,2100.0,3700.0,7700.0,13800.0,条件次第で購入したい,分からない,"パソコンのソフト, ブラウザ(Web)"
診療放射線技師,21年以上,介護・福祉施設,上長の承認が必要,4,2,4,5,2,2,3,3,3,1,4,3,3,3,1,1,3,3,3,4,記録の二重入力がつらい,申し送りの共有アプリ,1400.0,2600.0,6300.0,11100.0,無料なら使う,施設・部署,"スマホアプリ, Excelテンプレート"
看護師,21年以上,中小病院,上長の承認が必要,3,4,3,3,4,3,2,1,3,2,2,1,3,3,2,1,1,1,1,1,申し送りが口頭で抜け漏れる,申し送りの共有アプリ,500.0,1200.0,2700.0,4400.0,条件次第で購入したい,自分(個人),"ブラウザ(Web), パソコンのソフト"
看護師,11〜20年,介護・福祉施設,上長の承認が必要,4,4,2,2,4,3,3,4,3,4,3,2,4,5,3,3,3,2,3,4,記録の二重入力がつらい,,600.0,1300.0,2500.0,5100.0,無料なら使う,自分(個人),"ブラウザ(Web), パソコンのソフト"
看護師,1〜3年,中小病院,上長の承認が必要,3,3,4,3,4,3,2,2,3,4,3,2,1,1,1,1,1,1,2,1,申し送りが口頭で抜け漏れる,在庫のバーコード管理,400.0,1100.0,2300.0,3200.0,条件次第で購入したい,施設・部署,"スマホアプリ, Excelテンプレート"
診療放射線技師,1年未満,クリニック,自分で購入を決められる,5,4,4,2,3,2,4,3,3,4,3,2,2,1,4,3,4,4,4,4,記録の二重入力がつらい,申し送りの共有アプリ,1200.0,2500.0,6000.0,11300.0,条件次第で購入したい,施設・部署,"ブラウザ(Web), Excelテンプレート"
理学療法士・作業療法士・言語聴覚士,1〜3年,介護・福祉施設,上長の承認が必要,4,3,2,2,2,1,2,1,2,1,2,1,3,3,3,1,3,3,2,2,,勤務表の自動作成,1100.0,2100.0,4500.0,8600.0,ぜひ購入したい,分からない,"パソコンのソフト, スマホアプリ"
看護師,11〜20年,介護・福祉施設,自分で購入を決められる,1,1,2,1,3,3,1,1,4,4,2,1,1,1,2,2,2,2,1,1,申し送りが口頭で抜け漏れる,,1400.0,2400.0,5600.0,9400.0,条件次第で購入したい,施設・部署,"スマホアプリ, Excelテンプレート"
理学療法士・作業療法士・言語聴覚士,1年未満,介護・福祉施設,上長の承認が必要,5,4,3,4,5,2,3,2,3,4,2,1,5,4,3,3,3,2,3,4,記録の二重入力がつらい,,600.0,1200.0,2800.0,4200.0,無料なら使う,自分(個人),"ブラウザ(Web), スマホアプリ"
看護師,4〜10年,介護・福祉施設,施設の予算で決まる,5,3,2,2,3,2,3,2,4,4,3,3,2,2,2,3,3,2,4,4,紙の台帳を探す時間が無駄,在庫のバーコード管理,1100.0,2300.0,5200.0,9100.0,条件次第で購入したい,自分(個人),"スマホアプリ, Excelテンプレート"
薬剤師,4〜10年,大学病院・大病院,自分で購入を決められる,5,5,4,5,5,5,5,5,4,2,2,2,4,4,4,2,4,4,5,4,,申し送りの共有アプリ,600.0,1100.0,2500.0,4700.0,無料なら使う,分からない,"スマホアプリ, パソコンのソフト"
理学療法士・作業療法士・言語聴覚士,4〜10年,大学病院・大病院,上長の承認が必要,3,2,3,3,3,3,2,1,3,3,1,1,3,2,3,3,3,1,1,1,記録の二重入力がつらい,在庫のバーコード管理,1100.0,1900.0,4600.0,7900.0,無料なら使う,分からない,"ブラウザ(Web), パソコンのソフト"
理学療法士・作業療法士・言語聴覚士,21年以上,介護・福祉施設,施設の予算で決まる,3,3,4,5,5,4,2,2,3,2,1,3,3,1,1,2,3,2,2,1,申し送りが口頭で抜け漏れる,在庫のバーコード管理,200.0,500.0,1200.0,2000.0,購入しない,自分(個人),"ブラウザ(Web), Excelテンプレート"
臨床検査技師,11〜20年,中小病院,決定には関われない,5,4,3,3,4,2,2,1,1,1,3,3,3,2,3,3,4,2,1,1,紙の台帳を探す時間が無駄,在庫のバーコード管理,600.0,1100.0,2400.0,4800.0,条件次第で購入したい,施設・部署,"スマホアプリ, Excelテンプレート"
薬剤師,4〜10年,介護・福祉施設,決定には関われない,4,3,4,4,4,3,5,4,3,4,2,2,2,1,2,3,2,2,3,1,,勤務表の自動作成,600.0,1400.0,2900.0,5000.0,購入しない,施設・部署,"パソコンのソフト, ブラウザ(Web)"
看護師,11〜20年,大学病院・大病院,上長の承認が必要,4,4,2,1,4,4,4,3,3,3,1,1,4,4,3,3,2,1,2,1,申し送りが口頭で抜け漏れる,申し送りの共有アプリ,1400.0,2900.0,6900.0,10800.0,無料なら使う,施設・部署,"スマホアプリ, パソコンのソフト"
看護師,1〜3年,クリニック,自分で購入を決められる,3,4,3,3,2,1,3,2,2,1,3,3,3,2,2,1,3,2,3,3,紙の台帳を探す時間が無駄,在庫のバーコード管理,800.0,1300.0,3100.0,6300.0,無料なら使う,施設・部署,"パソコンのソフト, Excelテンプレート"
診療放射線技師,11〜20年,大学病院・大病院,施設の予算で決まる,4,5,3,3,3,3,2,1,1,1,2,1,3,1,2,1,4,3,2,2,記録の二重入力がつらい,,1000.0,1900.0,5200.0,9100.0,ぜひ購入したい,施設・部署,"Excelテンプレート, ブラウザ(Web)"
看護師,1〜3年,介護・福祉施設,上長の承認が必要,4,5,3,2,4,4,1,1,3,2,3,1,2,2,4,3,3,2,3,2,記録の二重入力がつらい,申し送りの共有アプリ,700.0,1600.0,3100.0,6100.0,無料なら使う,自分(個人),"ブラウザ(Web), スマホアプリ"
看護師,4〜10年,大学病院・大病院,上長の承認が必要,5,5,4,4,5,3,3,2,2,3,3,2,4,5,4,3,3,3,3,5,,申し送りの共有アプリ,200.0,400.0,700.0,1200.0,ぜひ購入したい,施設・部署,"スマホアプリ, Excelテンプレート"
看護師,1年未満,大学病院・大病院,施設の予算で決まる,3,3,4,3,4,3,2,2,3,2,2,1,2,2,3,4,2,1,2,1,,申し送りの共有アプリ,500.0,1200.0,2300.0,3600.0,ぜひ購入したい,施設・部署,"パソコンのソフト, ブラウザ(Web)"
診療放射線技師,1〜3年,クリニック,決定には関われない,3,1,3,3,3,2,3,2,3,1,2,1,2,2,3,2,3,1,2,1,勤務表づくりに毎月3時間かかる,在庫のバーコード管理,1400.0,3000.0,5100.0,11300.0,条件次第で購入したい,自分(個人),"ブラウザ(Web), パソコンのソフト"
看護師,4〜10年,中小病院,決定には関われない,3,3,5,4,3,2,1,1,2,2,1,1,3,3,3,3,3,3,4,4,申し送りが口頭で抜け漏れる,,500.0,1000.0,2300.0,3900.0,条件次第で購入したい,分からない,"ブラウザ(Web), Excelテンプレート"
臨床検査技師,1年未満,大学病院・大病院,上長の承認が必要,2,2,4,2,3,2,1,1,2,1,3,1,3,2,2,1,4,5,2,1,紙の台帳を探す時間が無駄,在庫のバーコード管理,700.0,1600.0,3000.0,4900.0,無料なら使う,施設・部署,"Excelテンプレート, スマホアプリ"
理学療法士・作業療法士・言語聴覚士,11〜20年,介護・福祉施設,自分で購入を決められる,3,2,5,5,5,5,4,3,2,1,5,4,3,4,3,2,4,4,4,4,勤務表づくりに毎月3時間かかる,在庫のバーコード管理,600.0,1100.0,2300.0,5100.0,無料なら使う,自分(個人),"ブラウザ(Web), スマホアプリ"
理学療法士・作業療法士・言語聴覚士,21年以上,中小病院,決定には関われない,5,3,2,2,2,1,2,3,2,2,2,1,1,1,2,1,2,2,3,4,,申し送りの共有アプリ,500.0,1000.0,2100.0,3600.0,条件次第で購入したい,分からない,"Excelテンプレート, パソコンのソフト"
臨床検査技師,1年未満,介護・福祉施設,自分で購入を決められる,5,4,3,1,3,2,3,4,3,4,3,3,3,1,5,4,4,3,4,3,勤務表づくりに毎月3時間かかる,申し送りの共有アプリ,800.0,1600.0,3400.0,6200.0,無料なら使う,施設・部署,"パソコンのソフト, Excelテンプレート"
理学療法士・作業療法士・言語聴覚士,1〜3年,中小病院,自分で購入を決められる,4,3,2,1,4,2,4,4,2,1,1,1,3,4,3,4,3,2,3,2,,申し送りの共有アプリ,700.0,1200.0,2500.0,4900.0,購入しない,自分(個人),"Excelテンプレート, パソコンのソフト"
医療事務,4〜10年,クリニック,上長の承認が必要,4,5,3,2,4,3,2,1,4,3,3,2,2,1,1,1,3,1,1,1,申し送りが口頭で抜け漏れる,申し送りの共有アプリ,800.0,1600.0,3700.0,5800.0,条件次第で購入したい,施設・部署,"ブラウザ(Web), パソコンのソフト"
